{"file_hashes":[{"block_hashes":["4Hxu+fq/T5Cf5NzHTm+VMMAAg963tSPZwFBRBEErd4Q="],"block_size":4096,"path":"base64.js"},{"block_hashes":["uqMrFFdrY8X/NVoU/4McjpmBjN0wAwpBPN57m+RYPic=","fi/2vbjIfaIoH4J0TF1LYA3vCtND3lubCaHdQjl44VE=","TtMAiciTCLxm2HE+S/7pZPj0tiiE6XBrxGo+sM4eZhA=","i4CvUdNW7w8yuuJVqegThfXn+PB4GurfrgQaFyQu8rI=","yNbvZwr/Ez+xY9RpkrSTN2kcBgLbkw774lCCc+pAeCI=","7lY9tInIxIAJMuJDmAzAFy481niBsinYh/fiq+KgY70=","E1mTzs222vDtboRrox3TDMEANSVfnOGaI8uRUXR58i0=","0YOSzG1UUlbXmYngWoWRlxM+GfmCZx8WJiIfrAaCbcE=","GpfE2r8uyXIQqkB5UeBrZZ7ffWzKa7aNcVuhtTpe0AQ=","lN83ayDETeLfTf4HGs5wv/A1pgdDyc+Q5MDrfum+0aI=","vswFAgbPVDO1eBGLekorLmcMim80VN/AT59wQre+WqU=","UBmVwhXobt/oVwRH/iqTOCWN1hdtQ+MoXyezxm1N55g=","IkQaOn/USrM6eVefw3Gbtej1hlRsigXd90jUlD0KJnk=","6huzze+J1g1wLAoFFduYtPSEjrqXRmjmH7/OtiMmUv8=","Ib/pb/LBB4Rt8WIO3okFqCvTg/eAMUf0olwo6YKBfis=","XabFVJ+uCgj9smbP3+kPtV33Unmh8lfxoAAh+ql2TzI=","WU6qxG98RX4Pxd2Gsep6dgCVMtV0NvywCQnTbm87638=","/MdvUVkq/mwTmqI9uhxFrXvNMVO4lTvc1TWb4TPO0cg=","5lfu0K97Mr+IycuzlMcH+JZ3I55LBG+BifgM/40xRAY=","4RiqyFvSQKtNfKmt4Bt4BCJIekJNSYJBzaNfNyx+w4g=","UD8B3SDB7KYfnsz/0G+eeLkK179O1Tpx/v7cFlnFshg=","PP09Msfxzd/F8jUj05Owd7pFzVPqXeE0136D8x/MiRs=","VCi5nKHh28gt0xzszuG8ajshP64F8/0KqOe21xaI8jE=","HFBt9sTiMlhgu4nAAyoow1EQCjpb0Ei2pCNq1cu4rxM=","iNPw6wIpAq5HnpC8/Qm8mhPvjwlaZ272grulGrnXhQU=","2q1UnV2EQHRxqfk/bMnE4aa6mI4/ZdTxmFq+2rHVzng=","t2RuVXLv9baUWKjL0OGTcBVhLRf7c36XZw9rFAZDDgE=","zdxkxf498K95m5Xo7XvaBwwL+Py+zKVX48kNCpksv5Q=","ql+J1xmh+b78SO9tSqFgDlCKnVhZB7nXpyI5BpiYZ9M=","IUYEvqSa5/tTbydJAzFZsexCw0S7HUCAHPZNxvBCTK0=","GH3SVmguzccyDWhgW4FKuI1xVUPo1I7/BiskiSJZhsk=","QxylNEo3LdkCPk+z327+znaUAkYezi6OBgJo41qnji0=","ewd7m8cxJkPuePWYHeznv7qpeXIhaR2yw4k0EJHofaE=","z7iK3aqDPhkzc3uvoi8+mLMqr8szQQi8Q1ToonrlQMw=","hFxMNIwy79VjzwtphFv+xk2WOkX2MekvCEsgCyDJjrU=","+JhMJZNlNEHFdB72norzpLqdbOtouW607yFeKrA+GzQ=","cFpYEXORrwD1ndUvDAzixlf4sAUC9GltZdcNE5zILbo=","OpOd7Y9K7wgipBW9IKjJzKH3f0po48qthJ+i7u+EdzI=","M5UImVfpuErrOGwA0/N66g/MWqXvOCFeO9cxYFtugnU=","TL63DF8H/p42sLxxPZl3m1nyiOA7nX83oWz5yU2ULLk=","7uGgqI+1TQ+UYjXj4Qo3ZmRRVVh4S/vuPquojMFpdA0=","eGlNjepDpcpMA7GiPWE7DjDzUngStqXMir/GE0Ir2fE=","wfypo1/1a7bU+0vo2A682hrK3HDMDD6h9wlkMtmakTI=","q//vLIhO/rvCLbFAiD8CFhBBij+rB9h8u+E0C0GGhnQ=","MGdJGbyGfNINgfdi4FUF8WShYjN820SJ7HVyvTJ3c4c=","M00STFRPEiXLDn1+h13abynj2vJbIgEJyXk5N4zYvec=","zA+3joidNgX8DSc20y01YO4ifmP21HvpLskquCdCj8w=","HDma09emsKW1+MsZmEM2lBoC3dex4AH35VtFEnBXDyY=","sc5sdY5/6IVxZ+tWT12eo9H+cD1cwL8YdM6rt7COxOw=","IBmE/zuqdPLYQBijyXtKGhKM9U3uiAhmsIUjtr/kq+M=","G8It3zWfI1+xsGkeKc2LNOoK6JdWGTnEeN1NyurHyOY=","a87LMerY2Kkv0g10M/bLnelg+vmg4IUHrDd7319M0Zk=","19EW9nDXMghyvvK01542mFi2/5AU8jMsPpc2IG9opRk=","KwYgziRCvWbscdSyGalNJJ0kElPTQ/AmS/fyzR0Z8+4=","6fTCboad1dfENyKdkEhSNcxES+hbw+qDCklYagbJ9Ck=","/bXkTQPhgfx4zdXvlmQvoSEmLKbwe6sFMrrshmevGw8=","s6S9vF74ZDHQGu33YpGBEDtdGD1lYB5Jt28ARVntfIY=","bgmSlaLx94wnOETlJJcdbX8+Hyd0GoiNl+OVnfdDXd0=","/o15rm7CHL4BlXkr4MupkHz0TERZICXe70GWRsFVOZU=","gpmY0Zvjrzj9uzIbLo55T749nY/lL3wa+IyQLhE1ht0=","6ULjgT1L4EAw6wDCxbyFIy8EGMW2Wx8JMfclmUmQDtM=","1piP+1soeVztxN9ijbCqJ1URfHrBs51TRKSJcVYCWSg=","G8C96EQQsZZ5u1CQTOVXZlTWzy1kDgMRjGmrvMVp+Ds=","pGimoyo8oDwI3TUVlEs1yN2jUh+ucEaQq/PjEDuqZV4=","DRWFoYEhoHvoXGHXsdztBrLSa1Bgvyy9JVwyQ3aJQLA=","4qkzCIMKiKcYUYCwoDgMSuLcU6YwUEnHboYl+TURFrU=","ewzUbCFnt//ztU/UlXJykbvfnPlv5F8EeRliJXcwbEg=","/MSzgkfu2/XsjRE4a20LU1T3lAtRcBK96LRzre15wnM=","Ywu+Sj50ijrXP/pLhG5tOZ6/xdHmB86u3wQntFdR+xA=","3PDi0VfF6RXJ0nCZ20IbOTHboe/Hgpms22LH7fomxfA=","TMoSYg9LzQhXRffqurb7vCokzd6rV9E79iwwmu2Q9ZA=","o3w9CKeNKOTtR2nxancrbEcGmJdSmevLJIRG5WbwmTg="],"block_size":4096,"path":"jquery-1.11.0.js"},{"block_hashes":["2tLLvcsgun+lsiIABEA23cM8MohHseBjOsysRV+Zea8="],"block_size":4096,"path":"popup.html"},{"block_hashes":["FPaSI36X3ThjCQE/UxPPJGl2ab3zE+RxAWI0hAj5DG0="],"block_size":4096,"path":"popup.js"},{"block_hashes":["E/lKZZXDVXjgiMer7RxmKypWfUO6Myj3SglXEjqmfKk=","83UkO7lYBPldzdqRoYkALp5s1XtiZBNqGFvtkxG5jBY="],"block_size":4096,"path":"tea-block.js"},{"block_hashes":["WKd4J0WqgYOknhXdIgm22WmMWcMWgNjKLa8qmPDHnms="],"block_size":4096,"path":"utf8.js"}],"version":2}